Name,Library Name,Alias,Forward Primer,Forward Primer Sequence,Reverse Primer,Reverse Primer Sequence,Barcode,Library Barcode,Run Type,Array Technology Quote,MPS Quote,Bioinformatics Quote,Validation Quote,Library Source,Library Type,Type of Sequencing,Run Concentration (pM),Concentration Method,Multiplex Key(s),Adaptor,Adaptor Read 1 (NOTE: Usage is bound by Illumina Disclaimer found on Nanuq Project Page),Adaptor Read 2 (NOTE: Usage is bound by Illumina Disclaimer found on Nanuq Project Page),Adaptor Junction (NOTE: Usage is bound by Illumina Disclaimer found on Nanuq Project Page),Run,Quality Offset,Region,Total Region,Genomic Database,BED Files,Run Start Date,Read Set Id,Status,Validation Date,Number of Reads,Number of Bases,Number of Cycles,Average Quality ,% Duplicate,Filename Prefix,Project,ProcessingSheetId,Sample Group,Result File Type,FASTQ Copy Folder
Arb.M.100,Arb.M.100,Arb.M.100,341FP1-CS1;341FP2-CS1;341FP3-CS1;341FP4-CS1,ACACTGACGACATGGTTCTACACCTACGGGNGGCWGCAG;ACACTGACGACATGGTTCTACATCCTACGGGNGGCWGCAG;ACACTGACGACATGGTTCTACAACCCTACGGGNGGCWGCAG;ACACTGACGACATGGTTCTACACTACCTACGGGNGGCWGCAG,805RP1-CS2;805RP2-CS2;805RP3-CS2;805RP4-CS2,TACGGTAGCAGAGACTTGGTCTGACTACHVGGGTATCTAATCC;TACGGTAGCAGAGACTTGGTCTTGACTACHVGGGTATCTAATCC;TACGGTAGCAGAGACTTGGTCTACGACTACHVGGGTATCTAATCC;TACGGTAGCAGAGACTTGGTCTCTAGACTACHVGGGTATCTAATCC,VAL12407429-LIB-D06,VAL12405923-BAR-D12,PAIRED_END,,,,SCI022217,gDNA,Metagenomics,Illumina MiSeq PE250,9.5,qPCR,FLD0284,Fluidigm,ACACTGACGACATGGTTCTACA,TACGGTAGCAGAGACTTGGTCT,,M03555_0380,33,1,1,,,2018-12-03,MI.M03555_0380.001.FLD0284.Arb-M-100,Data is valid,2018-12-05,83501,41750500,510,35,93.914,MI.M03555_0380.001.FLD0284.Arb-M-100,Field and Masterplate Microbiome 16s,ArbM100_VAL12405923-BAR_D12,,FASTQ,
BordR.M.104,BordR.M.104,BordR.M.104,341FP1-CS1;341FP2-CS1;341FP3-CS1;341FP4-CS1,ACACTGACGACATGGTTCTACACCTACGGGNGGCWGCAG;ACACTGACGACATGGTTCTACATCCTACGGGNGGCWGCAG;ACACTGACGACATGGTTCTACAACCCTACGGGNGGCWGCAG;ACACTGACGACATGGTTCTACACTACCTACGGGNGGCWGCAG,805RP1-CS2;805RP2-CS2;805RP3-CS2;805RP4-CS2,TACGGTAGCAGAGACTTGGTCTGACTACHVGGGTATCTAATCC;TACGGTAGCAGAGACTTGGTCTTGACTACHVGGGTATCTAATCC;TACGGTAGCAGAGACTTGGTCTACGACTACHVGGGTATCTAATCC;TACGGTAGCAGAGACTTGGTCTCTAGACTACHVGGGTATCTAATCC,VAL12407429-LIB-D06,VAL12405924-BAR-A08,PAIRED_END,,,,SCI022217,gDNA,Metagenomics,Illumina MiSeq PE250,9.5,qPCR,FLD0345,Fluidigm,ACACTGACGACATGGTTCTACA,TACGGTAGCAGAGACTTGGTCT,,M03555_0380,33,1,1,,,2018-12-03,MI.M03555_0380.001.FLD0345.BordR-M-104,Data is valid,2018-12-05,117565,58782500,510,35,94.082,MI.M03555_0380.001.FLD0345.BordR-M-104,Field and Masterplate Microbiome 16s,BordRM104_VAL12405924-BAR_A08,,FASTQ,
BrBr.M.105,BrBr.M.105,BrBr.M.105,341FP1-CS1;341FP2-CS1;341FP3-CS1;341FP4-CS1,ACACTGACGACATGGTTCTACACCTACGGGNGGCWGCAG;ACACTGACGACATGGTTCTACATCCTACGGGNGGCWGCAG;ACACTGACGACATGGTTCTACAACCCTACGGGNGGCWGCAG;ACACTGACGACATGGTTCTACACTACCTACGGGNGGCWGCAG,805RP1-CS2;805RP2-CS2;805RP3-CS2;805RP4-CS2,TACGGTAGCAGAGACTTGGTCTGACTACHVGGGTATCTAATCC;TACGGTAGCAGAGACTTGGTCTTGACTACHVGGGTATCTAATCC;TACGGTAGCAGAGACTTGGTCTACGACTACHVGGGTATCTAATCC;TACGGTAGCAGAGACTTGGTCTCTAGACTACHVGGGTATCTAATCC,VAL12407429-LIB-D06,VAL12405924-BAR-A01,PAIRED_END,,,,SCI022217,gDNA,Metagenomics,Illumina MiSeq PE250,9.5,qPCR,FLD0289,Fluidigm,ACACTGACGACATGGTTCTACA,TACGGTAGCAGAGACTTGGTCT,,M03555_0380,33,1,1,,,2018-12-03,MI.M03555_0380.001.FLD0289.BrBr-M-105,Data is valid,2018-12-05,90036,45018000,510,35,91.636,MI.M03555_0380.001.FLD0289.BrBr-M-105,Field and Masterplate Microbiome 16s,BrBrM105_VAL12405924-BAR_A01,,FASTQ,
Cam.M.107,Cam.M.107,Cam.M.107,341FP1-CS1;341FP2-CS1;341FP3-CS1;341FP4-CS1,ACACTGACGACATGGTTCTACACCTACGGGNGGCWGCAG;ACACTGACGACATGGTTCTACATCCTACGGGNGGCWGCAG;ACACTGACGACATGGTTCTACAACCCTACGGGNGGCWGCAG;ACACTGACGACATGGTTCTACACTACCTACGGGNGGCWGCAG,805RP1-CS2;805RP2-CS2;805RP3-CS2;805RP4-CS2,TACGGTAGCAGAGACTTGGTCTGACTACHVGGGTATCTAATCC;TACGGTAGCAGAGACTTGGTCTTGACTACHVGGGTATCTAATCC;TACGGTAGCAGAGACTTGGTCTACGACTACHVGGGTATCTAATCC;TACGGTAGCAGAGACTTGGTCTCTAGACTACHVGGGTATCTAATCC,VAL12407429-LIB-D06,VAL12405924-BAR-C01,PAIRED_END,,,,SCI022217,gDNA,Metagenomics,Illumina MiSeq PE250,9.5,qPCR,FLD0291,Fluidigm,ACACTGACGACATGGTTCTACA,TACGGTAGCAGAGACTTGGTCT,,M03555_0380,33,1,1,,,2018-12-03,MI.M03555_0380.001.FLD0291.Cam-M-107,Data is valid,2018-12-05,87867,43933500,510,35,94.225,MI.M03555_0380.001.FLD0291.Cam-M-107,Field and Masterplate Microbiome 16s,CamM107_VAL12405924-BAR_C01,,FASTQ,
Con.M.113,Con.M.113,Con.M.113,341FP1-CS1;341FP2-CS1;341FP3-CS1;341FP4-CS1,ACACTGACGACATGGTTCTACACCTACGGGNGGCWGCAG;ACACTGACGACATGGTTCTACATCCTACGGGNGGCWGCAG;ACACTGACGACATGGTTCTACAACCCTACGGGNGGCWGCAG;ACACTGACGACATGGTTCTACACTACCTACGGGNGGCWGCAG,805RP1-CS2;805RP2-CS2;805RP3-CS2;805RP4-CS2,TACGGTAGCAGAGACTTGGTCTGACTACHVGGGTATCTAATCC;TACGGTAGCAGAGACTTGGTCTTGACTACHVGGGTATCTAATCC;TACGGTAGCAGAGACTTGGTCTACGACTACHVGGGTATCTAATCC;TACGGTAGCAGAGACTTGGTCTCTAGACTACHVGGGTATCTAATCC,VAL12407429-LIB-D06,VAL12405924-BAR-A02,PAIRED_END,,,,SCI022217,gDNA,Metagenomics,Illumina MiSeq PE250,9.5,qPCR,FLD0297,Fluidigm,ACACTGACGACATGGTTCTACA,TACGGTAGCAGAGACTTGGTCT,,M03555_0380,33,1,1,,,2018-12-03,MI.M03555_0380.001.FLD0297.Con-M-113,Data is valid,2018-12-05,98438,49219000,510,35,92.785,MI.M03555_0380.001.FLD0297.Con-M-113,Field and Masterplate Microbiome 16s,ConM113_VAL12405924-BAR_A02,,FASTQ,
Cost.M.114,Cost.M.114,Cost.M.114,341FP1-CS1;341FP2-CS1;341FP3-CS1;341FP4-CS1,ACACTGACGACATGGTTCTACACCTACGGGNGGCWGCAG;ACACTGACGACATGGTTCTACATCCTACGGGNGGCWGCAG;ACACTGACGACATGGTTCTACAACCCTACGGGNGGCWGCAG;ACACTGACGACATGGTTCTACACTACCTACGGGNGGCWGCAG,805RP1-CS2;805RP2-CS2;805RP3-CS2;805RP4-CS2,TACGGTAGCAGAGACTTGGTCTGACTACHVGGGTATCTAATCC;TACGGTAGCAGAGACTTGGTCTTGACTACHVGGGTATCTAATCC;TACGGTAGCAGAGACTTGGTCTACGACTACHVGGGTATCTAATCC;TACGGTAGCAGAGACTTGGTCTCTAGACTACHVGGGTATCTAATCC,VAL12407429-LIB-D06,VAL12405924-BAR-B02,PAIRED_END,,,,SCI022217,gDNA,Metagenomics,Illumina MiSeq PE250,9.5,qPCR,FLD0298,Fluidigm,ACACTGACGACATGGTTCTACA,TACGGTAGCAGAGACTTGGTCT,,M03555_0380,33,1,1,,,2018-12-03,MI.M03555_0380.001.FLD0298.Cost-M-114,Data is valid,2018-12-05,81194,40597000,510,35,94.485,MI.M03555_0380.001.FLD0298.Cost-M-114,Field and Masterplate Microbiome 16s,CostM114_VAL12405924-BAR_B02,,FASTQ,
HumBPE.M.119,HumBPE.M.119,HumBPE.M.119,341FP1-CS1;341FP2-CS1;341FP3-CS1;341FP4-CS1,ACACTGACGACATGGTTCTACACCTACGGGNGGCWGCAG;ACACTGACGACATGGTTCTACATCCTACGGGNGGCWGCAG;ACACTGACGACATGGTTCTACAACCCTACGGGNGGCWGCAG;ACACTGACGACATGGTTCTACACTACCTACGGGNGGCWGCAG,805RP1-CS2;805RP2-CS2;805RP3-CS2;805RP4-CS2,TACGGTAGCAGAGACTTGGTCTGACTACHVGGGTATCTAATCC;TACGGTAGCAGAGACTTGGTCTTGACTACHVGGGTATCTAATCC;TACGGTAGCAGAGACTTGGTCTACGACTACHVGGGTATCTAATCC;TACGGTAGCAGAGACTTGGTCTCTAGACTACHVGGGTATCTAATCC,VAL12407429-LIB-D06,VAL12405924-BAR-G02,PAIRED_END,,,,SCI022217,gDNA,Metagenomics,Illumina MiSeq PE250,9.5,qPCR,FLD0303,Fluidigm,ACACTGACGACATGGTTCTACA,TACGGTAGCAGAGACTTGGTCT,,M03555_0380,33,1,1,,,2018-12-03,MI.M03555_0380.001.FLD0303.HumBPE-M-119,Data is valid,2018-12-05,91657,45828500,510,35,94.905,MI.M03555_0380.001.FLD0303.HumBPE-M-119,Field and Masterplate Microbiome 16s,HumBPEM119_VAL12405924-BAR_G02,,FASTQ,
Kelso.M.120,Kelso.M.120,Kelso.M.120,341FP1-CS1;341FP2-CS1;341FP3-CS1;341FP4-CS1,ACACTGACGACATGGTTCTACACCTACGGGNGGCWGCAG;ACACTGACGACATGGTTCTACATCCTACGGGNGGCWGCAG;ACACTGACGACATGGTTCTACAACCCTACGGGNGGCWGCAG;ACACTGACGACATGGTTCTACACTACCTACGGGNGGCWGCAG,805RP1-CS2;805RP2-CS2;805RP3-CS2;805RP4-CS2,TACGGTAGCAGAGACTTGGTCTGACTACHVGGGTATCTAATCC;TACGGTAGCAGAGACTTGGTCTTGACTACHVGGGTATCTAATCC;TACGGTAGCAGAGACTTGGTCTACGACTACHVGGGTATCTAATCC;TACGGTAGCAGAGACTTGGTCTCTAGACTACHVGGGTATCTAATCC,VAL12407429-LIB-D06,VAL12405924-BAR-H02,PAIRED_END,,,,SCI022217,gDNA,Metagenomics,Illumina MiSeq PE250,9.5,qPCR,FLD0304,Fluidigm,ACACTGACGACATGGTTCTACA,TACGGTAGCAGAGACTTGGTCT,,M03555_0380,33,1,1,,,2018-12-03,MI.M03555_0380.001.FLD0304.Kelso-M-120,Data is valid,2018-12-05,69234,34617000,510,35,94.972,MI.M03555_0380.001.FLD0304.Kelso-M-120,Field and Masterplate Microbiome 16s,KelsoM120_VAL12405924-BAR_H02,,FASTQ,
Lion.M.123,Lion.M.123,Lion.M.123,341FP1-CS1;341FP2-CS1;341FP3-CS1;341FP4-CS1,ACACTGACGACATGGTTCTACACCTACGGGNGGCWGCAG;ACACTGACGACATGGTTCTACATCCTACGGGNGGCWGCAG;ACACTGACGACATGGTTCTACAACCCTACGGGNGGCWGCAG;ACACTGACGACATGGTTCTACACTACCTACGGGNGGCWGCAG,805RP1-CS2;805RP2-CS2;805RP3-CS2;805RP4-CS2,TACGGTAGCAGAGACTTGGTCTGACTACHVGGGTATCTAATCC;TACGGTAGCAGAGACTTGGTCTTGACTACHVGGGTATCTAATCC;TACGGTAGCAGAGACTTGGTCTACGACTACHVGGGTATCTAATCC;TACGGTAGCAGAGACTTGGTCTCTAGACTACHVGGGTATCTAATCC,VAL12407429-LIB-D06,VAL12405924-BAR-C03,PAIRED_END,,,,SCI022217,gDNA,Metagenomics,Illumina MiSeq PE250,9.5,qPCR,FLD0307,Fluidigm,ACACTGACGACATGGTTCTACA,TACGGTAGCAGAGACTTGGTCT,,M03555_0380,33,1,1,,,2018-12-03,MI.M03555_0380.001.FLD0307.Lion-M-123,Data is valid,2018-12-05,93547,46773500,510,35,93.612,MI.M03555_0380.001.FLD0307.Lion-M-123,Field and Masterplate Microbiome 16s,LionM123_VAL12405924-BAR_C03,,FASTQ,
MackG.M.125,MackG.M.125,MackG.M.125,341FP1-CS1;341FP2-CS1;341FP3-CS1;341FP4-CS1,ACACTGACGACATGGTTCTACACCTACGGGNGGCWGCAG;ACACTGACGACATGGTTCTACATCCTACGGGNGGCWGCAG;ACACTGACGACATGGTTCTACAACCCTACGGGNGGCWGCAG;ACACTGACGACATGGTTCTACACTACCTACGGGNGGCWGCAG,805RP1-CS2;805RP2-CS2;805RP3-CS2;805RP4-CS2,TACGGTAGCAGAGACTTGGTCTGACTACHVGGGTATCTAATCC;TACGGTAGCAGAGACTTGGTCTTGACTACHVGGGTATCTAATCC;TACGGTAGCAGAGACTTGGTCTACGACTACHVGGGTATCTAATCC;TACGGTAGCAGAGACTTGGTCTCTAGACTACHVGGGTATCTAATCC,VAL12407429-LIB-D06,VAL12405924-BAR-E03,PAIRED_END,,,,SCI022217,gDNA,Metagenomics,Illumina MiSeq PE250,9.5,qPCR,FLD0309,Fluidigm,ACACTGACGACATGGTTCTACA,TACGGTAGCAGAGACTTGGTCT,,M03555_0380,33,1,1,,,2018-12-03,MI.M03555_0380.001.FLD0309.MackG-M-125,Data is valid,2018-12-05,82391,41195500,510,36,95.109,MI.M03555_0380.001.FLD0309.MackG-M-125,Field and Masterplate Microbiome 16s,MackGM125_VAL12405924-BAR_E03,,FASTQ,
Mdv.M.127,Mdv.M.127,Mdv.M.127,341FP1-CS1;341FP2-CS1;341FP3-CS1;341FP4-CS1,ACACTGACGACATGGTTCTACACCTACGGGNGGCWGCAG;ACACTGACGACATGGTTCTACATCCTACGGGNGGCWGCAG;ACACTGACGACATGGTTCTACAACCCTACGGGNGGCWGCAG;ACACTGACGACATGGTTCTACACTACCTACGGGNGGCWGCAG,805RP1-CS2;805RP2-CS2;805RP3-CS2;805RP4-CS2,TACGGTAGCAGAGACTTGGTCTGACTACHVGGGTATCTAATCC;TACGGTAGCAGAGACTTGGTCTTGACTACHVGGGTATCTAATCC;TACGGTAGCAGAGACTTGGTCTACGACTACHVGGGTATCTAATCC;TACGGTAGCAGAGACTTGGTCTCTAGACTACHVGGGTATCTAATCC,VAL12407429-LIB-D06,VAL12405924-BAR-G03,PAIRED_END,,,,SCI022217,gDNA,Metagenomics,Illumina MiSeq PE250,9.5,qPCR,FLD0311,Fluidigm,ACACTGACGACATGGTTCTACA,TACGGTAGCAGAGACTTGGTCT,,M03555_0380,33,1,1,,,2018-12-03,MI.M03555_0380.001.FLD0311.Mdv-M-127,Data is valid,2018-12-05,90804,45402000,510,35,94.079,MI.M03555_0380.001.FLD0311.Mdv-M-127,Field and Masterplate Microbiome 16s,MdvM127_VAL12405924-BAR_G03,,FASTQ,
Mntz.M.158,Mntz.M.158,Mntz.M.158,341FP1-CS1;341FP2-CS1;341FP3-CS1;341FP4-CS1,ACACTGACGACATGGTTCTACACCTACGGGNGGCWGCAG;ACACTGACGACATGGTTCTACATCCTACGGGNGGCWGCAG;ACACTGACGACATGGTTCTACAACCCTACGGGNGGCWGCAG;ACACTGACGACATGGTTCTACACTACCTACGGGNGGCWGCAG,805RP1-CS2;805RP2-CS2;805RP3-CS2;805RP4-CS2,TACGGTAGCAGAGACTTGGTCTGACTACHVGGGTATCTAATCC;TACGGTAGCAGAGACTTGGTCTTGACTACHVGGGTATCTAATCC;TACGGTAGCAGAGACTTGGTCTACGACTACHVGGGTATCTAATCC;TACGGTAGCAGAGACTTGGTCTCTAGACTACHVGGGTATCTAATCC,VAL12407429-LIB-D06,VAL12405924-BAR-F07,PAIRED_END,,,,SCI022217,gDNA,Metagenomics,Illumina MiSeq PE250,9.5,qPCR,FLD0342,Fluidigm,ACACTGACGACATGGTTCTACA,TACGGTAGCAGAGACTTGGTCT,,M03555_0380,33,1,1,,,2018-12-03,MI.M03555_0380.001.FLD0342.Mntz-M-158,Data is valid,2018-12-05,87310,43655000,510,35,94.766,MI.M03555_0380.001.FLD0342.Mntz-M-158,Field and Masterplate Microbiome 16s,MntzM158_VAL12405924-BAR_F07,,FASTQ,
Nq.M.159,Nq.M.159,Nq.M.159,341FP1-CS1;341FP2-CS1;341FP3-CS1;341FP4-CS1,ACACTGACGACATGGTTCTACACCTACGGGNGGCWGCAG;ACACTGACGACATGGTTCTACATCCTACGGGNGGCWGCAG;ACACTGACGACATGGTTCTACAACCCTACGGGNGGCWGCAG;ACACTGACGACATGGTTCTACACTACCTACGGGNGGCWGCAG,805RP1-CS2;805RP2-CS2;805RP3-CS2;805RP4-CS2,TACGGTAGCAGAGACTTGGTCTGACTACHVGGGTATCTAATCC;TACGGTAGCAGAGACTTGGTCTTGACTACHVGGGTATCTAATCC;TACGGTAGCAGAGACTTGGTCTACGACTACHVGGGTATCTAATCC;TACGGTAGCAGAGACTTGGTCTCTAGACTACHVGGGTATCTAATCC,VAL12407429-LIB-D06,VAL12405924-BAR-G07,PAIRED_END,,,,SCI022217,gDNA,Metagenomics,Illumina MiSeq PE250,9.5,qPCR,FLD0343,Fluidigm,ACACTGACGACATGGTTCTACA,TACGGTAGCAGAGACTTGGTCT,,M03555_0380,33,1,1,,,2018-12-03,MI.M03555_0380.001.FLD0343.Nq-M-159,Data is valid,2018-12-05,96536,48268000,510,35,93.863,MI.M03555_0380.001.FLD0343.Nq-M-159,Field and Masterplate Microbiome 16s,NqM159_VAL12405924-BAR_G07,,FASTQ,
Oak.M.130,Oak.M.130,Oak.M.130,341FP1-CS1;341FP2-CS1;341FP3-CS1;341FP4-CS1,ACACTGACGACATGGTTCTACACCTACGGGNGGCWGCAG;ACACTGACGACATGGTTCTACATCCTACGGGNGGCWGCAG;ACACTGACGACATGGTTCTACAACCCTACGGGNGGCWGCAG;ACACTGACGACATGGTTCTACACTACCTACGGGNGGCWGCAG,805RP1-CS2;805RP2-CS2;805RP3-CS2;805RP4-CS2,TACGGTAGCAGAGACTTGGTCTGACTACHVGGGTATCTAATCC;TACGGTAGCAGAGACTTGGTCTTGACTACHVGGGTATCTAATCC;TACGGTAGCAGAGACTTGGTCTACGACTACHVGGGTATCTAATCC;TACGGTAGCAGAGACTTGGTCTCTAGACTACHVGGGTATCTAATCC,VAL12407429-LIB-D06,VAL12405924-BAR-B04,PAIRED_END,,,,SCI022217,gDNA,Metagenomics,Illumina MiSeq PE250,9.5,qPCR,FLD0314,Fluidigm,ACACTGACGACATGGTTCTACA,TACGGTAGCAGAGACTTGGTCT,,M03555_0380,33,1,1,,,2018-12-03,MI.M03555_0380.001.FLD0314.Oak-M-130,Data is valid,2018-12-05,78440,39220000,510,35,93.271,MI.M03555_0380.001.FLD0314.Oak-M-130,Field and Masterplate Microbiome 16s,OakM130_VAL12405924-BAR_B04,,FASTQ,
RedM.M.134,RedM.M.134,RedM.M.134,341FP1-CS1;341FP2-CS1;341FP3-CS1;341FP4-CS1,ACACTGACGACATGGTTCTACACCTACGGGNGGCWGCAG;ACACTGACGACATGGTTCTACATCCTACGGGNGGCWGCAG;ACACTGACGACATGGTTCTACAACCCTACGGGNGGCWGCAG;ACACTGACGACATGGTTCTACACTACCTACGGGNGGCWGCAG,805RP1-CS2;805RP2-CS2;805RP3-CS2;805RP4-CS2,TACGGTAGCAGAGACTTGGTCTGACTACHVGGGTATCTAATCC;TACGGTAGCAGAGACTTGGTCTTGACTACHVGGGTATCTAATCC;TACGGTAGCAGAGACTTGGTCTACGACTACHVGGGTATCTAATCC;TACGGTAGCAGAGACTTGGTCTCTAGACTACHVGGGTATCTAATCC,VAL12407429-LIB-D06,VAL12405924-BAR-F04,PAIRED_END,,,,SCI022217,gDNA,Metagenomics,Illumina MiSeq PE250,9.5,qPCR,FLD0318,Fluidigm,ACACTGACGACATGGTTCTACA,TACGGTAGCAGAGACTTGGTCT,,M03555_0380,33,1,1,,,2018-12-03,MI.M03555_0380.001.FLD0318.RedM-M-134,Data is valid,2018-12-05,97274,48637000,510,35,95.022,MI.M03555_0380.001.FLD0318.RedM-M-134,Field and Masterplate Microbiome 16s,RedMM134_VAL12405924-BAR_F04,,FASTQ,
StnyC.M.138,StnyC.M.138,StnyC.M.138,341FP1-CS1;341FP2-CS1;341FP3-CS1;341FP4-CS1,ACACTGACGACATGGTTCTACACCTACGGGNGGCWGCAG;ACACTGACGACATGGTTCTACATCCTACGGGNGGCWGCAG;ACACTGACGACATGGTTCTACAACCCTACGGGNGGCWGCAG;ACACTGACGACATGGTTCTACACTACCTACGGGNGGCWGCAG,805RP1-CS2;805RP2-CS2;805RP3-CS2;805RP4-CS2,TACGGTAGCAGAGACTTGGTCTGACTACHVGGGTATCTAATCC;TACGGTAGCAGAGACTTGGTCTTGACTACHVGGGTATCTAATCC;TACGGTAGCAGAGACTTGGTCTACGACTACHVGGGTATCTAATCC;TACGGTAGCAGAGACTTGGTCTCTAGACTACHVGGGTATCTAATCC,VAL12407429-LIB-D06,VAL12405924-BAR-B05,PAIRED_END,,,,SCI022217,gDNA,Metagenomics,Illumina MiSeq PE250,9.5,qPCR,FLD0322,Fluidigm,ACACTGACGACATGGTTCTACA,TACGGTAGCAGAGACTTGGTCT,,M03555_0380,33,1,1,,,2018-12-03,MI.M03555_0380.001.FLD0322.StnyC-M-138,Data is valid,2018-12-05,98880,49440000,510,35,95.49,MI.M03555_0380.001.FLD0322.StnyC-M-138,Field and Masterplate Microbiome 16s,StnyCM138_VAL12405924-BAR_B05,,FASTQ,
Wlpl.M.160,Wlpl.M.160,Wlpl.M.160,341FP1-CS1;341FP2-CS1;341FP3-CS1;341FP4-CS1,ACACTGACGACATGGTTCTACACCTACGGGNGGCWGCAG;ACACTGACGACATGGTTCTACATCCTACGGGNGGCWGCAG;ACACTGACGACATGGTTCTACAACCCTACGGGNGGCWGCAG;ACACTGACGACATGGTTCTACACTACCTACGGGNGGCWGCAG,805RP1-CS2;805RP2-CS2;805RP3-CS2;805RP4-CS2,TACGGTAGCAGAGACTTGGTCTGACTACHVGGGTATCTAATCC;TACGGTAGCAGAGACTTGGTCTTGACTACHVGGGTATCTAATCC;TACGGTAGCAGAGACTTGGTCTACGACTACHVGGGTATCTAATCC;TACGGTAGCAGAGACTTGGTCTCTAGACTACHVGGGTATCTAATCC,VAL12407429-LIB-D06,VAL12405924-BAR-H07,PAIRED_END,,,,SCI022217,gDNA,Metagenomics,Illumina MiSeq PE250,9.5,qPCR,FLD0344,Fluidigm,ACACTGACGACATGGTTCTACA,TACGGTAGCAGAGACTTGGTCT,,M03555_0380,33,1,1,,,2018-12-03,MI.M03555_0380.001.FLD0344.Wlpl-M-160,Data is valid,2018-12-05,96795,48397500,510,35,94.088,MI.M03555_0380.001.FLD0344.Wlpl-M-160,Field and Masterplate Microbiome 16s,WlplM160_VAL12405924-BAR_H07,,FASTQ,
